height,time,diff
594000,1568032703,10771996663680.4
594001,1568032899,10771996663680.4
594002,1568033311,10771996663680.4
594003,1568034754,10771996663680.4
594004,1568035291,10771996663680.4
594005,1568035449,10771996663680.4
594006,1568036171,10771996663680.4
594007,1568036590,10771996663680.4
594008,1568036734,10771996663680.4
594009,1568037113,10771996663680.4
594010,1568037744,10771996663680.4
594011,1568038800,10771996663680.4
594012,1568039343,10771996663680.4
594013,1568040076,10771996663680.4
594014,1568040918,10771996663680.4
594015,1568040970,10771996663680.4
594016,1568041155,10771996663680.4
594017,1568041176,10771996663680.4
594018,1568041410,10771996663680.4
594019,1568041679,10771996663680.4
594020,1568041998,10771996663680.4
594021,1568042369,10771996663680.4
594022,1568042695,10771996663680.4
594023,1568044089,10771996663680.4
594024,1568044688,10771996663680.4
594025,1568045534,10771996663680.4
594026,1568045578,10771996663680.4
594027,1568045640,10771996663680.4
594028,1568045995,10771996663680.4
594029,1568046232,10771996663680.4
594030,1568046729,10771996663680.4
594031,1568048283,10771996663680.4
594032,1568050010,10771996663680.4
594033,1568051128,10771996663680.4
594034,1568051404,10771996663680.4
594035,1568052140,10771996663680.4
594036,1568052594,10771996663680.4
594037,1568053918,10771996663680.4
594038,1568054068,10771996663680.4
594039,1568054631,10771996663680.4
594040,1568054793,10771996663680.4
594041,1568055117,10771996663680.4
594042,1568056456,10771996663680.4
594043,1568056873,10771996663680.4
594044,1568057657,10771996663680.4
594045,1568059649,10771996663680.4
594046,1568060115,10771996663680.4
594047,1568060449,10771996663680.4
594048,1568060511,10771996663680.4
594049,1568060589,10771996663680.4
594050,1568060592,10771996663680.4
594051,1568061285,10771996663680.4
594052,1568063146,10771996663680.4
594053,1568063761,10771996663680.4
594054,1568064771,10771996663680.4
594055,1568064825,10771996663680.4
594056,1568066106,10771996663680.4
594057,1568067243,10771996663680.4
594058,1568067862,10771996663680.4
594059,1568067927,10771996663680.4
594060,1568068594,10771996663680.4
594061,1568068606,10771996663680.4
594062,1568068608,10771996663680.4
594063,1568069180,10771996663680.4
594064,1568070383,10771996663680.4
594065,1568070610,10771996663680.4
594066,1568071115,10771996663680.4
594067,1568071609,10771996663680.4
594068,1568071989,10771996663680.4
594069,1568072064,10771996663680.4
594070,1568072484,10771996663680.4
594071,1568073703,10771996663680.4
594072,1568073993,10771996663680.4
594073,1568075004,10771996663680.4
594074,1568075228,10771996663680.4
594075,1568075559,10771996663680.4
594076,1568076522,10771996663680.4
594077,1568076787,10771996663680.4
594078,1568076825,10771996663680.4
594079,1568077608,10771996663680.4
594080,1568078089,10771996663680.4
594081,1568078495,10771996663680.4
594082,1568079839,10771996663680.4
594083,1568080020,10771996663680.4
594084,1568080053,10771996663680.4
594085,1568080131,10771996663680.4
594086,1568081433,10771996663680.4
594087,1568083382,10771996663680.4
594088,1568084592,10771996663680.4
594089,1568085048,10771996663680.4
594090,1568085157,10771996663680.4
594091,1568085730,10771996663680.4
594092,1568085749,10771996663680.4
594093,1568085824,10771996663680.4
594094,1568085860,10771996663680.4
594095,1568085905,10771996663680.4
594096,1568086224,10771996663680.4
594097,1568087143,10771996663680.4
594098,1568087227,10771996663680.4
594099,1568087628,10771996663680.4
594100,1568088112,10771996663680.4
594101,1568088274,10771996663680.4
594102,1568088959,10771996663680.4
594103,1568089065,10771996663680.4
594104,1568089099,10771996663680.4
594105,1568089213,10771996663680.4
594106,1568089820,10771996663680.4
594107,1568090214,10771996663680.4
594108,1568090242,10771996663680.4
594109,1568091191,10771996663680.4
594110,1568091256,10771996663680.4
594111,1568092077,10771996663680.4
594112,1568092117,10771996663680.4
594113,1568092714,10771996663680.4
594114,1568092718,10771996663680.4
594115,1568093091,10771996663680.4
594116,1568093207,10771996663680.4
594117,1568093509,10771996663680.4
594118,1568093845,10771996663680.4
594119,1568093910,10771996663680.4
594120,1568093935,10771996663680.4
594121,1568094299,10771996663680.4
594122,1568095175,10771996663680.4
594123,1568095661,10771996663680.4
594124,1568096503,10771996663680.4
594125,1568097746,10771996663680.4
594126,1568098999,10771996663680.4
594127,1568101413,10771996663680.4
594128,1568101465,10771996663680.4
594129,1568101582,10771996663680.4
594130,1568101752,10771996663680.4
594131,1568101839,10771996663680.4
594132,1568102104,10771996663680.4
594133,1568103134,10771996663680.4
594134,1568103282,10771996663680.4
594135,1568103351,10771996663680.4
594136,1568104708,10771996663680.4
594137,1568105204,10771996663680.4
594138,1568105812,10771996663680.4
594139,1568106897,10771996663680.4
594140,1568107146,10771996663680.4
594141,1568107649,10771996663680.4
594142,1568107889,10771996663680.4
594143,1568108760,10771996663680.4
594144,1568109821,10771996663680.4
594145,1568109881,10771996663680.4
594146,1568111057,10771996663680.4
594147,1568111135,10771996663680.4
594148,1568111508,10771996663680.4
594149,1568111583,10771996663680.4
594150,1568113337,10771996663680.4
594151,1568113428,10771996663680.4
594152,1568113524,10771996663680.4
594153,1568113548,10771996663680.4
594154,1568114418,10771996663680.4
594155,1568114559,10771996663680.4
594156,1568114716,10771996663680.4
594157,1568115043,10771996663680.4
594158,1568115199,10771996663680.4
594159,1568115668,10771996663680.4
594160,1568115757,10771996663680.4
594161,1568116488,10771996663680.4
594162,1568116554,10771996663680.4
594163,1568116599,10771996663680.4
594164,1568116710,10771996663680.4
594165,1568117265,10771996663680.4
594166,1568117811,10771996663680.4
594167,1568118635,10771996663680.4
594168,1568118749,10771996663680.4
594169,1568118772,10771996663680.4
594170,1568118907,10771996663680.4
594171,1568119746,10771996663680.4
594172,1568119770,10771996663680.4
594173,1568119883,10771996663680.4
594174,1568122588,10771996663680.4
594175,1568123681,10771996663680.4
594176,1568123944,10771996663680.4
594177,1568124009,10771996663680.4
594178,1568125794,10771996663680.4
594179,1568126425,10771996663680.4
594180,1568127154,10771996663680.4
594181,1568128276,10771996663680.4
594182,1568128790,10771996663680.4
594183,1568128845,10771996663680.4
594184,1568128960,10771996663680.4
594185,1568130004,10771996663680.4
594186,1568130161,10771996663680.4
594187,1568130365,10771996663680.4
594188,1568130474,10771996663680.4
594189,1568130562,10771996663680.4
594190,1568131113,10771996663680.4
594191,1568131971,10771996663680.4
594192,1568132354,10771996663680.4
594193,1568132460,10771996663680.4
594194,1568132563,10771996663680.4
594195,1568132640,10771996663680.4
594196,1568134290,10771996663680.4
594197,1568134664,10771996663680.4
594198,1568135167,10771996663680.4
594199,1568135594,10771996663680.4
594200,1568136503,10771996663680.4
594201,1568136629,10771996663680.4
594202,1568137025,10771996663680.4
594203,1568137051,10771996663680.4
594204,1568137076,10771996663680.4
594205,1568137888,10771996663680.4
594206,1568138154,10771996663680.4
594207,1568138803,10771996663680.4
594208,1568139367,10771996663680.4
594209,1568139440,10771996663680.4
594210,1568139638,10771996663680.4
594211,1568139712,10771996663680.4
594212,1568139943,10771996663680.4
594213,1568140024,10771996663680.4
594214,1568140155,10771996663680.4
594215,1568140359,10771996663680.4
594216,1568140850,10771996663680.4
594217,1568141129,10771996663680.4
594218,1568141296,10771996663680.4
594219,1568142064,10771996663680.4
594220,1568142405,10771996663680.4
594221,1568142480,10771996663680.4
594222,1568143097,10771996663680.4
594223,1568143292,10771996663680.4
594224,1568143687,10771996663680.4
594225,1568143726,10771996663680.4
594226,1568143748,10771996663680.4
594227,1568144116,10771996663680.4
594228,1568144227,10771996663680.4
594229,1568146317,10771996663680.4
594230,1568146433,10771996663680.4
594231,1568146628,10771996663680.4
594232,1568146781,10771996663680.4
594233,1568146848,10771996663680.4
594234,1568147125,10771996663680.4
594235,1568147847,10771996663680.4
594236,1568148141,10771996663680.4
594237,1568148291,10771996663680.4
594238,1568148812,10771996663680.4
594239,1568149146,10771996663680.4
594240,1568149210,10771996663680.4
594241,1568150490,10771996663680.4
594242,1568151619,10771996663680.4
594243,1568151710,10771996663680.4
594244,1568152203,10771996663680.4
594245,1568153284,10771996663680.4
594246,1568155493,10771996663680.4
594247,1568156488,10771996663680.4
594248,1568156996,10771996663680.4
594249,1568157520,10771996663680.4
594250,1568158161,10771996663680.4
594251,1568158420,10771996663680.4
594252,1568159590,10771996663680.4
594253,1568160641,10771996663680.4
594254,1568161064,10771996663680.4
594255,1568161480,10771996663680.4
594256,1568162159,10771996663680.4
594257,1568162251,10771996663680.4
594258,1568162658,10771996663680.4
594259,1568163132,10771996663680.4
594260,1568163603,10771996663680.4
594261,1568163962,10771996663680.4
594262,1568165148,10771996663680.4
594263,1568165742,10771996663680.4
594264,1568166104,10771996663680.4
594265,1568166561,10771996663680.4
594266,1568167388,10771996663680.4
594267,1568168125,10771996663680.4
594268,1568168176,10771996663680.4
594269,1568168270,10771996663680.4
594270,1568168538,10771996663680.4
594271,1568168584,10771996663680.4
594272,1568169556,10771996663680.4
594273,1568170027,10771996663680.4
594274,1568170287,10771996663680.4
594275,1568171360,10771996663680.4
594276,1568172079,10771996663680.4
594277,1568172400,10771996663680.4
594278,1568174696,10771996663680.4
594279,1568175523,10771996663680.4
594280,1568176377,10771996663680.4
594281,1568176651,10771996663680.4
594282,1568176877,10771996663680.4
594283,1568176980,10771996663680.4
594284,1568177391,10771996663680.4
594285,1568177489,10771996663680.4
594286,1568178118,10771996663680.4
594287,1568179094,10771996663680.4
594288,1568179161,10771996663680.4
594289,1568180453,10771996663680.4
594290,1568181712,10771996663680.4
594291,1568182580,10771996663680.4
594292,1568182690,10771996663680.4
594293,1568182798,10771996663680.4
594294,1568183074,10771996663680.4
594295,1568183043,10771996663680.4
594296,1568183131,10771996663680.4
594297,1568183681,10771996663680.4
594298,1568183759,10771996663680.4
594299,1568184161,10771996663680.4
594300,1568184230,10771996663680.4
594301,1568184426,10771996663680.4
594302,1568184490,10771996663680.4
594303,1568184471,10771996663680.4
594304,1568185452,10771996663680.4
594305,1568185508,10771996663680.4
594306,1568186283,10771996663680.4
594307,1568186691,10771996663680.4
594308,1568186719,10771996663680.4
594309,1568187132,10771996663680.4
594310,1568187611,10771996663680.4
594311,1568187961,10771996663680.4
594312,1568188853,10771996663680.4
594313,1568189030,10771996663680.4
594314,1568189122,10771996663680.4
594315,1568189411,10771996663680.4
594316,1568189581,10771996663680.4
594317,1568189840,10771996663680.4
594318,1568191115,10771996663680.4
594319,1568191194,10771996663680.4
594320,1568193050,10771996663680.4
594321,1568193951,10771996663680.4
594322,1568194231,10771996663680.4
594323,1568194336,10771996663680.4
594324,1568194392,10771996663680.4
594325,1568194827,10771996663680.4
594326,1568194920,10771996663680.4
594327,1568196903,10771996663680.4
594328,1568197586,10771996663680.4
594329,1568197603,10771996663680.4
594330,1568197800,10771996663680.4
594331,1568197845,10771996663680.4
594332,1568198145,10771996663680.4
594333,1568198388,10771996663680.4
594334,1568198939,10771996663680.4
594335,1568199217,10771996663680.4
594336,1568199530,10771996663680.4
594337,1568199670,10771996663680.4
594338,1568199706,10771996663680.4
594339,1568199796,10771996663680.4
594340,1568199895,10771996663680.4
594341,1568200063,10771996663680.4
594342,1568200649,10771996663680.4
594343,1568201368,10771996663680.4
594344,1568202188,10771996663680.4
594345,1568202802,10771996663680.4
594346,1568203499,10771996663680.4
594347,1568206648,10771996663680.4
594348,1568207520,10771996663680.4
594349,1568207772,10771996663680.4
594350,1568207938,10771996663680.4
594351,1568209446,10771996663680.4
594352,1568210541,10771996663680.4
594353,1568211443,10771996663680.4
594354,1568212078,10771996663680.4
594355,1568212162,10771996663680.4
594356,1568212512,10771996663680.4
594357,1568213518,10771996663680.4
594358,1568214478,10771996663680.4
594359,1568214660,10771996663680.4
594360,1568214841,10771996663680.4
594361,1568215285,10771996663680.4
594362,1568215348,10771996663680.4
594363,1568215939,10771996663680.4
594364,1568216877,10771996663680.4
594365,1568217362,10771996663680.4
594366,1568217697,10771996663680.4
594367,1568217714,10771996663680.4
594368,1568217734,10771996663680.4
594369,1568219073,10771996663680.4
594370,1568219484,10771996663680.4
594371,1568220042,10771996663680.4
594372,1568220076,10771996663680.4
594373,1568221527,10771996663680.4
594374,1568223274,10771996663680.4
594375,1568223647,10771996663680.4
594376,1568223924,10771996663680.4
594377,1568224073,10771996663680.4
594378,1568224676,10771996663680.4
594379,1568225503,10771996663680.4
594380,1568225720,10771996663680.4
594381,1568226143,10771996663680.4
594382,1568226645,10771996663680.4
594383,1568226975,10771996663680.4
594384,1568227961,10771996663680.4
594385,1568228053,10771996663680.4
594386,1568228336,10771996663680.4
594387,1568228634,10771996663680.4
594388,1568228693,10771996663680.4
594389,1568229174,10771996663680.4
594390,1568229903,10771996663680.4
594391,1568230057,10771996663680.4
594392,1568230132,10771996663680.4
594393,1568230733,10771996663680.4
594394,1568230834,10771996663680.4
594395,1568231125,10771996663680.4
594396,1568231174,10771996663680.4
594397,1568231734,10771996663680.4
594398,1568232206,10771996663680.4
594399,1568232373,10771996663680.4
594400,1568232787,10771996663680.4
594401,1568232823,10771996663680.4
594402,1568233611,10771996663680.4
594403,1568234122,10771996663680.4
594404,1568234538,10771996663680.4
594405,1568234573,10771996663680.4
594406,1568235054,10771996663680.4
594407,1568236034,10771996663680.4
594408,1568236047,10771996663680.4
594409,1568236140,10771996663680.4
594410,1568236648,10771996663680.4
594411,1568237210,10771996663680.4
594412,1568237289,10771996663680.4
594413,1568237290,10771996663680.4
594414,1568237729,10771996663680.4
594415,1568238163,10771996663680.4
594416,1568238338,10771996663680.4
594417,1568239328,10771996663680.4
594418,1568239369,10771996663680.4
594419,1568239728,10771996663680.4
594420,1568239814,10771996663680.4
594421,1568240076,10771996663680.4
594422,1568240734,10771996663680.4
594423,1568241426,10771996663680.4
594424,1568241449,10771996663680.4
594425,1568241539,10771996663680.4
594426,1568241879,10771996663680.4
594427,1568241908,10771996663680.4
594428,1568243018,10771996663680.4
594429,1568243070,10771996663680.4
594430,1568244030,10771996663680.4
594431,1568244556,10771996663680.4
594432,1568244824,10771996663680.4
594433,1568245468,10771996663680.4
594434,1568245579,10771996663680.4
594435,1568245645,10771996663680.4
594436,1568246050,10771996663680.4
594437,1568246411,10771996663680.4
594438,1568246630,10771996663680.4
594439,1568247015,10771996663680.4
594440,1568247329,10771996663680.4
594441,1568250006,10771996663680.4
594442,1568250124,10771996663680.4
594443,1568250249,10771996663680.4
594444,1568251079,10771996663680.4
594445,1568251330,10771996663680.4
594446,1568251906,10771996663680.4
594447,1568253001,10771996663680.4
594448,1568253392,10771996663680.4
594449,1568253520,10771996663680.4
594450,1568254224,10771996663680.4
594451,1568255166,10771996663680.4
594452,1568255365,10771996663680.4
594453,1568255747,10771996663680.4
594454,1568256199,10771996663680.4
594455,1568257747,10771996663680.4
594456,1568258828,10771996663680.4
594457,1568259011,10771996663680.4
594458,1568259160,10771996663680.4
594459,1568261590,10771996663680.4
594460,1568261704,10771996663680.4
594461,1568262823,10771996663680.4
594462,1568262857,10771996663680.4
594463,1568263176,10771996663680.4
594464,1568263800,10771996663680.4
594465,1568264404,10771996663680.4
594466,1568264511,10771996663680.4
594467,1568264599,10771996663680.4
594468,1568264941,10771996663680.4
594469,1568265173,10771996663680.4
594470,1568265204,10771996663680.4
594471,1568266949,10771996663680.4
594472,1568267253,10771996663680.4
594473,1568268276,10771996663680.4
594474,1568268534,10771996663680.4
594475,1568270482,10771996663680.4
594476,1568271299,10771996663680.4
594477,1568271928,10771996663680.4
594478,1568271981,10771996663680.4
594479,1568272367,10771996663680.4
594480,1568272503,10771996663680.4
594481,1568273444,10771996663680.4
594482,1568275226,10771996663680.4
594483,1568276089,10771996663680.4
594484,1568276640,10771996663680.4
594485,1568276717,10771996663680.4
594486,1568276975,10771996663680.4
594487,1568277451,10771996663680.4
594488,1568277522,10771996663680.4
594489,1568278059,10771996663680.4
594490,1568278359,10771996663680.4
594491,1568279041,10771996663680.4
594492,1568279462,10771996663680.4
594493,1568279513,10771996663680.4
594494,1568279663,10771996663680.4
594495,1568279764,10771996663680.4
594496,1568279807,10771996663680.4
594497,1568280175,10771996663680.4
594498,1568280229,10771996663680.4
594499,1568280292,10771996663680.4
594500,1568280490,10771996663680.4
594501,1568280848,10771996663680.4
594502,1568281290,10771996663680.4
594503,1568282844,10771996663680.4
594504,1568283518,10771996663680.4
594505,1568283550,10771996663680.4
594506,1568284279,10771996663680.4
594507,1568286046,10771996663680.4
594508,1568286389,10771996663680.4
594509,1568287159,10771996663680.4
594510,1568287497,10771996663680.4
594511,1568287614,10771996663680.4
594512,1568289326,10771996663680.4
594513,1568289896,10771996663680.4
594514,1568290301,10771996663680.4
594515,1568290472,10771996663680.4
594516,1568291129,10771996663680.4
594517,1568291263,10771996663680.4
594518,1568291364,10771996663680.4
594519,1568292197,10771996663680.4
594520,1568292388,10771996663680.4
594521,1568292569,10771996663680.4
594522,1568292688,10771996663680.4
594523,1568293302,10771996663680.4
594524,1568294519,10771996663680.4
594525,1568294552,10771996663680.4
594526,1568294868,10771996663680.4
594527,1568295211,10771996663680.4
594528,1568296261,10771996663680.4
594529,1568297804,10771996663680.4
594530,1568297933,10771996663680.4
594531,1568298705,10771996663680.4
594532,1568299340,10771996663680.4
594533,1568299526,10771996663680.4
594534,1568300923,10771996663680.4
594535,1568301077,10771996663680.4
594536,1568301379,10771996663680.4
594537,1568302431,10771996663680.4
594538,1568302833,10771996663680.4
594539,1568302878,10771996663680.4
594540,1568303491,10771996663680.4
594541,1568305311,10771996663680.4
594542,1568305337,10771996663680.4
594543,1568305395,10771996663680.4
594544,1568306619,10771996663680.4
594545,1568306774,10771996663680.4
594546,1568308694,10771996663680.4
594547,1568308921,10771996663680.4
594548,1568308927,10771996663680.4
594549,1568309726,10771996663680.4
594550,1568310076,10771996663680.4
594551,1568310476,10771996663680.4
594552,1568311108,10771996663680.4
594553,1568311109,10771996663680.4
594554,1568311206,10771996663680.4
594555,1568311996,10771996663680.4
594556,1568312383,10771996663680.4
594557,1568312584,10771996663680.4
594558,1568312702,10771996663680.4
594559,1568313065,10771996663680.4
594560,1568313870,10771996663680.4
594561,1568314196,10771996663680.4
594562,1568315117,10771996663680.4
594563,1568315258,10771996663680.4
594564,1568317051,10771996663680.4
594565,1568317475,10771996663680.4
594566,1568318040,10771996663680.4
594567,1568318347,10771996663680.4
594568,1568318722,10771996663680.4
594569,1568318891,10771996663680.4
594570,1568318921,10771996663680.4
594571,1568319771,10771996663680.4
594572,1568319932,10771996663680.4
594573,1568319944,10771996663680.4
594574,1568320124,10771996663680.4
594575,1568321112,10771996663680.4
594576,1568322418,10771996663680.4
594577,1568324538,10771996663680.4
594578,1568324933,10771996663680.4
594579,1568326026,10771996663680.4
594580,1568326317,10771996663680.4
594581,1568326666,10771996663680.4
594582,1568326891,10771996663680.4
594583,1568327179,10771996663680.4
594584,1568327208,10771996663680.4
594585,1568327342,10771996663680.4
594586,1568327949,10771996663680.4
594587,1568327977,10771996663680.4
594588,1568328136,10771996663680.4
594589,1568328674,10771996663680.4
594590,1568329288,10771996663680.4
594591,1568330490,10771996663680.4
594592,1568331565,10771996663680.4
594593,1568331825,10771996663680.4
594594,1568332320,10771996663680.4
594595,1568333244,10771996663680.4
594596,1568333657,10771996663680.4
594597,1568334467,10771996663680.4
594598,1568334734,10771996663680.4
594599,1568335332,10771996663680.4
594600,1568335580,10771996663680.4
594601,1568335993,10771996663680.4
594602,1568336121,10771996663680.4
594603,1568336294,10771996663680.4
594604,1568338056,10771996663680.4
594605,1568339707,10771996663680.4
594606,1568339730,10771996663680.4
594607,1568339817,10771996663680.4
594608,1568339904,10771996663680.4
594609,1568340062,10771996663680.4
594610,1568342812,10771996663680.4
594611,1568342862,10771996663680.4
594612,1568343294,10771996663680.4
594613,1568343437,10771996663680.4
594614,1568343931,10771996663680.4
594615,1568345144,10771996663680.4
594616,1568345523,10771996663680.4
594617,1568345996,10771996663680.4
594618,1568346639,10771996663680.4
594619,1568346881,10771996663680.4
594620,1568347079,10771996663680.4
594621,1568347384,10771996663680.4
594622,1568347851,10771996663680.4
594623,1568348108,10771996663680.4
594624,1568348170,10771996663680.4
594625,1568348871,10771996663680.4
594626,1568349624,10771996663680.4
594627,1568349938,10771996663680.4
594628,1568350040,10771996663680.4
594629,1568350506,10771996663680.4
594630,1568350898,10771996663680.4
594631,1568351622,10771996663680.4
594632,1568351688,10771996663680.4
594633,1568351815,10771996663680.4
594634,1568352538,10771996663680.4
594635,1568352846,10771996663680.4
594636,1568353721,10771996663680.4
594637,1568353770,10771996663680.4
594638,1568354058,10771996663680.4
594639,1568354272,10771996663680.4
594640,1568355764,10771996663680.4
594641,1568356429,10771996663680.4
594642,1568356553,10771996663680.4
594643,1568357777,10771996663680.4
594644,1568357835,10771996663680.4
594645,1568359075,10771996663680.4
594646,1568359268,10771996663680.4
594647,1568360835,10771996663680.4
594648,1568361947,10771996663680.4
594649,1568361988,10771996663680.4
594650,1568363367,10771996663680.4
594651,1568363748,10771996663680.4
594652,1568364278,10771996663680.4
594653,1568364368,10771996663680.4
594654,1568364510,10771996663680.4
594655,1568365223,10771996663680.4
594656,1568365734,10771996663680.4
594657,1568367263,10771996663680.4
594658,1568367340,10771996663680.4
594659,1568367628,10771996663680.4
594660,1568368796,10771996663680.4
594661,1568368840,10771996663680.4
594662,1568369704,10771996663680.4
594663,1568369927,10771996663680.4
594664,1568370193,10771996663680.4
594665,1568370620,10771996663680.4
594666,1568371428,10771996663680.4
594667,1568371627,10771996663680.4
594668,1568372495,10771996663680.4
594669,1568372736,10771996663680.4
594670,1568373726,10771996663680.4
594671,1568374540,10771996663680.4
594672,1568375551,10771996663680.4
594673,1568375987,10771996663680.4
594674,1568377467,10771996663680.4
594675,1568377695,10771996663680.4
594676,1568378070,10771996663680.4
594677,1568380419,10771996663680.4
594678,1568380512,10771996663680.4
594679,1568381204,10771996663680.4
594680,1568381791,10771996663680.4
594681,1568382579,10771996663680.4
594682,1568382776,10771996663680.4
594683,1568382863,10771996663680.4
594684,1568383651,10771996663680.4
594685,1568384442,10771996663680.4
594686,1568384989,10771996663680.4
594687,1568386380,10771996663680.4
594688,1568386969,10771996663680.4
594689,1568387281,10771996663680.4
594690,1568387351,10771996663680.4
594691,1568387867,10771996663680.4
594692,1568389395,10771996663680.4
594693,1568390069,10771996663680.4
594694,1568390199,10771996663680.4
594695,1568390671,10771996663680.4
594696,1568391318,10771996663680.4
594697,1568392451,10771996663680.4
594698,1568392576,10771996663680.4
594699,1568392721,10771996663680.4
594700,1568392794,10771996663680.4
594701,1568393112,10771996663680.4
594702,1568393529,10771996663680.4
594703,1568394089,10771996663680.4
594704,1568394369,10771996663680.4
594705,1568396450,10771996663680.4
594706,1568396515,10771996663680.4
594707,1568396553,10771996663680.4
594708,1568396640,10771996663680.4
594709,1568396696,10771996663680.4
594710,1568397051,10771996663680.4
594711,1568397715,10771996663680.4
594712,1568398855,10771996663680.4
594713,1568399241,10771996663680.4
594714,1568399447,10771996663680.4
594715,1568399845,10771996663680.4
594716,1568400119,10771996663680.4
594717,1568400181,10771996663680.4
594718,1568400917,10771996663680.4
594719,1568401109,10771996663680.4
594720,1568401591,11890594958795.76
594721,1568402988,11890594958795.76
594722,1568404220,11890594958795.76
594723,1568405510,11890594958795.76
594724,1568405555,11890594958795.76
594725,1568406487,11890594958795.76
594726,1568407346,11890594958795.76
594727,1568407445,11890594958795.76
594728,1568408153,11890594958795.76
594729,1568408277,11890594958795.76
594730,1568408401,11890594958795.76
594731,1568408660,11890594958795.76
594732,1568409305,11890594958795.76
594733,1568410385,11890594958795.76
594734,1568410427,11890594958795.76
594735,1568411445,11890594958795.76
594736,1568412751,11890594958795.76
594737,1568413935,11890594958795.76
594738,1568414429,11890594958795.76
594739,1568414517,11890594958795.76
594740,1568417072,11890594958795.76
594741,1568418004,11890594958795.76
594742,1568418041,11890594958795.76
594743,1568418080,11890594958795.76
594744,1568419195,11890594958795.76
594745,1568419549,11890594958795.76
594746,1568419719,11890594958795.76
594747,1568420021,11890594958795.76
594748,1568420145,11890594958795.76
594749,1568420306,11890594958795.76
594750,1568420426,11890594958795.76
594751,1568421362,11890594958795.76
594752,1568421497,11890594958795.76
594753,1568421593,11890594958795.76
594754,1568422285,11890594958795.76
594755,1568422419,11890594958795.76
594756,1568422584,11890594958795.76
594757,1568423210,11890594958795.76
594758,1568426396,11890594958795.76
594759,1568426817,11890594958795.76
594760,1568427556,11890594958795.76
594761,1568427803,11890594958795.76
594762,1568427967,11890594958795.76
594763,1568428207,11890594958795.76
594764,1568429437,11890594958795.76
594765,1568429841,11890594958795.76
594766,1568430647,11890594958795.76
594767,1568431611,11890594958795.76
594768,1568432133,11890594958795.76
594769,1568432328,11890594958795.76
594770,1568433505,11890594958795.76
594771,1568433634,11890594958795.76
594772,1568433923,11890594958795.76
594773,1568435350,11890594958795.76
594774,1568435436,11890594958795.76
594775,1568435497,11890594958795.76
594776,1568435523,11890594958795.76
594777,1568435889,11890594958795.76
594778,1568437515,11890594958795.76
594779,1568439877,11890594958795.76
594780,1568439882,11890594958795.76
594781,1568439978,11890594958795.76
594782,1568440096,11890594958795.76
594783,1568441793,11890594958795.76
594784,1568442154,11890594958795.76
594785,1568442904,11890594958795.76
594786,1568444307,11890594958795.76
594787,1568444485,11890594958795.76
594788,1568444635,11890594958795.76
594789,1568444655,11890594958795.76
594790,1568445108,11890594958795.76
594791,1568445188,11890594958795.76
594792,1568447333,11890594958795.76
594793,1568447389,11890594958795.76
594794,1568448186,11890594958795.76
594795,1568448482,11890594958795.76
594796,1568448497,11890594958795.76
594797,1568448633,11890594958795.76
594798,1568448795,11890594958795.76
594799,1568449286,11890594958795.76
594800,1568449666,11890594958795.76
594801,1568450078,11890594958795.76
594802,1568450203,11890594958795.76
594803,1568450510,11890594958795.76
594804,1568450623,11890594958795.76
594805,1568451747,11890594958795.76
594806,1568451963,11890594958795.76
594807,1568452875,11890594958795.76
594808,1568452882,11890594958795.76
594809,1568453915,11890594958795.76
594810,1568453970,11890594958795.76
594811,1568454367,11890594958795.76
594812,1568454667,11890594958795.76
594813,1568455998,11890594958795.76
594814,1568458222,11890594958795.76
594815,1568458358,11890594958795.76
594816,1568458486,11890594958795.76
594817,1568459166,11890594958795.76
594818,1568459271,11890594958795.76
594819,1568460349,11890594958795.76
594820,1568460925,11890594958795.76
594821,1568461646,11890594958795.76
594822,1568461845,11890594958795.76
594823,1568462229,11890594958795.76
594824,1568463033,11890594958795.76
594825,1568463165,11890594958795.76
594826,1568463877,11890594958795.76
594827,1568463890,11890594958795.76
594828,1568464272,11890594958795.76
594829,1568464613,11890594958795.76
594830,1568464718,11890594958795.76
594831,1568465307,11890594958795.76
594832,1568465870,11890594958795.76
594833,1568466821,11890594958795.76
594834,1568466926,11890594958795.76
594835,1568467175,11890594958795.76
594836,1568467728,11890594958795.76
594837,1568468018,11890594958795.76
594838,1568468896,11890594958795.76
594839,1568470136,11890594958795.76
594840,1568470206,11890594958795.76
594841,1568472071,11890594958795.76
594842,1568472608,11890594958795.76
594843,1568472686,11890594958795.76
594844,1568472948,11890594958795.76
594845,1568473044,11890594958795.76
594846,1568473933,11890594958795.76
594847,1568474442,11890594958795.76
594848,1568475047,11890594958795.76
594849,1568476485,11890594958795.76
594850,1568477911,11890594958795.76
594851,1568478382,11890594958795.76
594852,1568479472,11890594958795.76
594853,1568481406,11890594958795.76
594854,1568481466,11890594958795.76
594855,1568482006,11890594958795.76
594856,1568482159,11890594958795.76
594857,1568482126,11890594958795.76
594858,1568482512,11890594958795.76
594859,1568482862,11890594958795.76
594860,1568482895,11890594958795.76
594861,1568483373,11890594958795.76
594862,1568483470,11890594958795.76
594863,1568483848,11890594958795.76
594864,1568484042,11890594958795.76
594865,1568485462,11890594958795.76
594866,1568486472,11890594958795.76
594867,1568488208,11890594958795.76
594868,1568488411,11890594958795.76
594869,1568488462,11890594958795.76
594870,1568488977,11890594958795.76
594871,1568489062,11890594958795.76
594872,1568489321,11890594958795.76
594873,1568489477,11890594958795.76
594874,1568490458,11890594958795.76
594875,1568490722,11890594958795.76
594876,1568491215,11890594958795.76
594877,1568491377,11890594958795.76
594878,1568492831,11890594958795.76
594879,1568492863,11890594958795.76
594880,1568494650,11890594958795.76
594881,1568495043,11890594958795.76
594882,1568495154,11890594958795.76
594883,1568496424,11890594958795.76
594884,1568497139,11890594958795.76
594885,1568497386,11890594958795.76
594886,1568497578,11890594958795.76
594887,1568498658,11890594958795.76
594888,1568500399,11890594958795.76
594889,1568500600,11890594958795.76
594890,1568501152,11890594958795.76
594891,1568501654,11890594958795.76
594892,1568502511,11890594958795.76
594893,1568502557,11890594958795.76
594894,1568503158,11890594958795.76
594895,1568503742,11890594958795.76
594896,1568504573,11890594958795.76
594897,1568504593,11890594958795.76
594898,1568505011,11890594958795.76
594899,1568505483,11890594958795.76
594900,1568505949,11890594958795.76
594901,1568508327,11890594958795.76
594902,1568508980,11890594958795.76
594903,1568509015,11890594958795.76
594904,1568510317,11890594958795.76
594905,1568511502,11890594958795.76
594906,1568511821,11890594958795.76
594907,1568512723,11890594958795.76
594908,1568512811,11890594958795.76
594909,1568513734,11890594958795.76
594910,1568514110,11890594958795.76
594911,1568514602,11890594958795.76
594912,1568515150,11890594958795.76
594913,1568515290,11890594958795.76
594914,1568515564,11890594958795.76
594915,1568516236,11890594958795.76
594916,1568516516,11890594958795.76
594917,1568517146,11890594958795.76
594918,1568518823,11890594958795.76
594919,1568519528,11890594958795.76
594920,1568519558,11890594958795.76
594921,1568519829,11890594958795.76
594922,1568520376,11890594958795.76
594923,1568521778,11890594958795.76
594924,1568522150,11890594958795.76
594925,1568522778,11890594958795.76
594926,1568524097,11890594958795.76
594927,1568527654,11890594958795.76
594928,1568527816,11890594958795.76
594929,1568527933,11890594958795.76
594930,1568528442,11890594958795.76
594931,1568530809,11890594958795.76
594932,1568531274,11890594958795.76
594933,1568532291,11890594958795.76
594934,1568532569,11890594958795.76
594935,1568532819,11890594958795.76
594936,1568533799,11890594958795.76
594937,1568533872,11890594958795.76
594938,1568534471,11890594958795.76
594939,1568534578,11890594958795.76
594940,1568535670,11890594958795.76
594941,1568535768,11890594958795.76
594942,1568535892,11890594958795.76
594943,1568537607,11890594958795.76
594944,1568537950,11890594958795.76
594945,1568538148,11890594958795.76
594946,1568538527,11890594958795.76
594947,1568539286,11890594958795.76
594948,1568539965,11890594958795.76
594949,1568540626,11890594958795.76
594950,1568541082,11890594958795.76
594951,1568542052,11890594958795.76
594952,1568542220,11890594958795.76
594953,1568542339,11890594958795.76
594954,1568542585,11890594958795.76
594955,1568542858,11890594958795.76
594956,1568543311,11890594958795.76
594957,1568543371,11890594958795.76
594958,1568544047,11890594958795.76
594959,1568544230,11890594958795.76
594960,1568544251,11890594958795.76
594961,1568545562,11890594958795.76
594962,1568545924,11890594958795.76
594963,1568546104,11890594958795.76
594964,1568546885,11890594958795.76
594965,1568547351,11890594958795.76
594966,1568547417,11890594958795.76
594967,1568550302,11890594958795.76
594968,1568551603,11890594958795.76
594969,1568552005,11890594958795.76
594970,1568552486,11890594958795.76
594971,1568554567,11890594958795.76
594972,1568555537,11890594958795.76
594973,1568555953,11890594958795.76
594974,1568555982,11890594958795.76
594975,1568556971,11890594958795.76
594976,1568558554,11890594958795.76
594977,1568558712,11890594958795.76
594978,1568559300,11890594958795.76
594979,1568559329,11890594958795.76
594980,1568559761,11890594958795.76
594981,1568560180,11890594958795.76
594982,1568561990,11890594958795.76
594983,1568562019,11890594958795.76
594984,1568562631,11890594958795.76
594985,1568563574,11890594958795.76
594986,1568563782,11890594958795.76
594987,1568564971,11890594958795.76
594988,1568565180,11890594958795.76
594989,1568565577,11890594958795.76
594990,1568565982,11890594958795.76
594991,1568566418,11890594958795.76
594992,1568566557,11890594958795.76
594993,1568566619,11890594958795.76
594994,1568566856,11890594958795.76
594995,1568567504,11890594958795.76
594996,1568567534,11890594958795.76
594997,1568567725,11890594958795.76
594998,1568568178,11890594958795.76
594999,1568568267,11890594958795.76
595000,1568568838,11890594958795.76
595001,1568570137,11890594958795.76
595002,1568570192,11890594958795.76
595003,1568570335,11890594958795.76
595004,1568570620,11890594958795.76
595005,1568572303,11890594958795.76
595006,1568572406,11890594958795.76
595007,1568573360,11890594958795.76
595008,1568574919,11890594958795.76
595009,1568575672,11890594958795.76
595010,1568576365,11890594958795.76
595011,1568576438,11890594958795.76
595012,1568576898,11890594958795.76
595013,1568577051,11890594958795.76
595014,1568577279,11890594958795.76
595015,1568577606,11890594958795.76
595016,1568577989,11890594958795.76
595017,1568578255,11890594958795.76
595018,1568579226,11890594958795.76
595019,1568579430,11890594958795.76
595020,1568579457,11890594958795.76
595021,1568579720,11890594958795.76
595022,1568580084,11890594958795.76
595023,1568580411,11890594958795.76
595024,1568580515,11890594958795.76
595025,1568581069,11890594958795.76
595026,1568581096,11890594958795.76
595027,1568581377,11890594958795.76
595028,1568581853,11890594958795.76
595029,1568581852,11890594958795.76
595030,1568583024,11890594958795.76
595031,1568583935,11890594958795.76
595032,1568584028,11890594958795.76
595033,1568584146,11890594958795.76
595034,1568584219,11890594958795.76
595035,1568584380,11890594958795.76
595036,1568585287,11890594958795.76
595037,1568585643,11890594958795.76
595038,1568585779,11890594958795.76
595039,1568586922,11890594958795.76
595040,1568587094,11890594958795.76
595041,1568587201,11890594958795.76
595042,1568587454,11890594958795.76
595043,1568587814,11890594958795.76
595044,1568588303,11890594958795.76
595045,1568589310,11890594958795.76
595046,1568589432,11890594958795.76
595047,1568592127,11890594958795.76
595048,1568592446,11890594958795.76
595049,1568592542,11890594958795.76
595050,1568592577,11890594958795.76
595051,1568592663,11890594958795.76
595052,1568594533,11890594958795.76
595053,1568594772,11890594958795.76
595054,1568595186,11890594958795.76
595055,1568595366,11890594958795.76
595056,1568595559,11890594958795.76
595057,1568595578,11890594958795.76
595058,1568595727,11890594958795.76
595059,1568595918,11890594958795.76
595060,1568595998,11890594958795.76
595061,1568596286,11890594958795.76
595062,1568596640,11890594958795.76
595063,1568596721,11890594958795.76
595064,1568596814,11890594958795.76
595065,1568596856,11890594958795.76
595066,1568597547,11890594958795.76
595067,1568597681,11890594958795.76
595068,1568598509,11890594958795.76
595069,1568598634,11890594958795.76
595070,1568598906,11890594958795.76
595071,1568599693,11890594958795.76
595072,1568599975,11890594958795.76
595073,1568600998,11890594958795.76
595074,1568601231,11890594958795.76
595075,1568603024,11890594958795.76
595076,1568603186,11890594958795.76
595077,1568603181,11890594958795.76
595078,1568603844,11890594958795.76
595079,1568604204,11890594958795.76
595080,1568604351,11890594958795.76
595081,1568605368,11890594958795.76
595082,1568607226,11890594958795.76
595083,1568607864,11890594958795.76
595084,1568608488,11890594958795.76
595085,1568609003,11890594958795.76
595086,1568609169,11890594958795.76
595087,1568609213,11890594958795.76
595088,1568610128,11890594958795.76
595089,1568610138,11890594958795.76
595090,1568610864,11890594958795.76
595091,1568611531,11890594958795.76
595092,1568613852,11890594958795.76
595093,1568614343,11890594958795.76
595094,1568614534,11890594958795.76
595095,1568614558,11890594958795.76
595096,1568614763,11890594958795.76
595097,1568614941,11890594958795.76
595098,1568615173,11890594958795.76
595099,1568615692,11890594958795.76
595100,1568615808,11890594958795.76
595101,1568616530,11890594958795.76
595102,1568617644,11890594958795.76
595103,1568618103,11890594958795.76
595104,1568618383,11890594958795.76
595105,1568619354,11890594958795.76
595106,1568619658,11890594958795.76
595107,1568620060,11890594958795.76
595108,1568620139,11890594958795.76
595109,1568620985,11890594958795.76
595110,1568621522,11890594958795.76
595111,1568622451,11890594958795.76
595112,1568622457,11890594958795.76
595113,1568625176,11890594958795.76
595114,1568626148,11890594958795.76
595115,1568626777,11890594958795.76
595116,1568627002,11890594958795.76
595117,1568627173,11890594958795.76
595118,1568627461,11890594958795.76
595119,1568627813,11890594958795.76
595120,1568628950,11890594958795.76
595121,1568629270,11890594958795.76
595122,1568630063,11890594958795.76
595123,1568630272,11890594958795.76
595124,1568630305,11890594958795.76
595125,1568631258,11890594958795.76
595126,1568631424,11890594958795.76
595127,1568631630,11890594958795.76
595128,1568632286,11890594958795.76
595129,1568632471,11890594958795.76
595130,1568633120,11890594958795.76
595131,1568633801,11890594958795.76
595132,1568634780,11890594958795.76
595133,1568635247,11890594958795.76
595134,1568636904,11890594958795.76
595135,1568638144,11890594958795.76
595136,1568638219,11890594958795.76
595137,1568638713,11890594958795.76
595138,1568639259,11890594958795.76
595139,1568639994,11890594958795.76
595140,1568640339,11890594958795.76
595141,1568642328,11890594958795.76
595142,1568642406,11890594958795.76
595143,1568642507,11890594958795.76
595144,1568643152,11890594958795.76
595145,1568643323,11890594958795.76
595146,1568643410,11890594958795.76
595147,1568643566,11890594958795.76
595148,1568644053,11890594958795.76
595149,1568644069,11890594958795.76
595150,1568644585,11890594958795.76
595151,1568644919,11890594958795.76
595152,1568645311,11890594958795.76
595153,1568646269,11890594958795.76
595154,1568646518,11890594958795.76
595155,1568646796,11890594958795.76
595156,1568646991,11890594958795.76
595157,1568647485,11890594958795.76
595158,1568647513,11890594958795.76
595159,1568647678,11890594958795.76
595160,1568647919,11890594958795.76
595161,1568648289,11890594958795.76
595162,1568650543,11890594958795.76
595163,1568650566,11890594958795.76
595164,1568650917,11890594958795.76
595165,1568651031,11890594958795.76
595166,1568652190,11890594958795.76
595167,1568652461,11890594958795.76
595168,1568652640,11890594958795.76
595169,1568653691,11890594958795.76
595170,1568653702,11890594958795.76
595171,1568653950,11890594958795.76
595172,1568654004,11890594958795.76
595173,1568654182,11890594958795.76
595174,1568654608,11890594958795.76
595175,1568655750,11890594958795.76
595176,1568657177,11890594958795.76
595177,1568657715,11890594958795.76
595178,1568658010,11890594958795.76
595179,1568658103,11890594958795.76
595180,1568658350,11890594958795.76
595181,1568659104,11890594958795.76
595182,1568659435,11890594958795.76
595183,1568660276,11890594958795.76
595184,1568660993,11890594958795.76
595185,1568661015,11890594958795.76
595186,1568661495,11890594958795.76
595187,1568661740,11890594958795.76
595188,1568663363,11890594958795.76
595189,1568664048,11890594958795.76
595190,1568665036,11890594958795.76
595191,1568665138,11890594958795.76
595192,1568666674,11890594958795.76
595193,1568667125,11890594958795.76
595194,1568667690,11890594958795.76
595195,1568667731,11890594958795.76
595196,1568669618,11890594958795.76
595197,1568670175,11890594958795.76
595198,1568671065,11890594958795.76
595199,1568671193,11890594958795.76
595200,1568671721,11890594958795.76
595201,1568672138,11890594958795.76
595202,1568673434,11890594958795.76
595203,1568674686,11890594958795.76
595204,1568674758,11890594958795.76
595205,1568674950,11890594958795.76
595206,1568675220,11890594958795.76
595207,1568676693,11890594958795.76
595208,1568677088,11890594958795.76
595209,1568677692,11890594958795.76
595210,1568679249,11890594958795.76
595211,1568679333,11890594958795.76
595212,1568679670,11890594958795.76
595213,1568680096,11890594958795.76
595214,1568680621,11890594958795.76
595215,1568681029,11890594958795.76
595216,1568681586,11890594958795.76
595217,1568681928,11890594958795.76
595218,1568682116,11890594958795.76
595219,1568682181,11890594958795.76
595220,1568682380,11890594958795.76
595221,1568683324,11890594958795.76
595222,1568683989,11890594958795.76
595223,1568684352,11890594958795.76
595224,1568685294,11890594958795.76
595225,1568687280,11890594958795.76
595226,1568688162,11890594958795.76
595227,1568688992,11890594958795.76
595228,1568689551,11890594958795.76
595229,1568689734,11890594958795.76
595230,1568689905,11890594958795.76
595231,1568689986,11890594958795.76
595232,1568690052,11890594958795.76
595233,1568690517,11890594958795.76
595234,1568690794,11890594958795.76
595235,1568691225,11890594958795.76
595236,1568691716,11890594958795.76
595237,1568692017,11890594958795.76
595238,1568692729,11890594958795.76
595239,1568695365,11890594958795.76
595240,1568695630,11890594958795.76
595241,1568695736,11890594958795.76
595242,1568695882,11890594958795.76
595243,1568696511,11890594958795.76
595244,1568697321,11890594958795.76
595245,1568697800,11890594958795.76
595246,1568698095,11890594958795.76
595247,1568698156,11890594958795.76
595248,1568698506,11890594958795.76
595249,1568698763,11890594958795.76
595250,1568700510,11890594958795.76
595251,1568700537,11890594958795.76
595252,1568700614,11890594958795.76
595253,1568700852,11890594958795.76
595254,1568702897,11890594958795.76
595255,1568703253,11890594958795.76
595256,1568703330,11890594958795.76
595257,1568703779,11890594958795.76
595258,1568705039,11890594958795.76
595259,1568705949,11890594958795.76
595260,1568706134,11890594958795.76
595261,1568706146,11890594958795.76
595262,1568707791,11890594958795.76
595263,1568709165,11890594958795.76
595264,1568709851,11890594958795.76
595265,1568709903,11890594958795.76
595266,1568709921,11890594958795.76
595267,1568710454,11890594958795.76
595268,1568711655,11890594958795.76
595269,1568711930,11890594958795.76
595270,1568712586,11890594958795.76
595271,1568712861,11890594958795.76
595272,1568713310,11890594958795.76
595273,1568713914,11890594958795.76
595274,1568714482,11890594958795.76
595275,1568714679,11890594958795.76
595276,1568715628,11890594958795.76
595277,1568716700,11890594958795.76
595278,1568717482,11890594958795.76
595279,1568718007,11890594958795.76
595280,1568718027,11890594958795.76
595281,1568719536,11890594958795.76
595282,1568720028,11890594958795.76
595283,1568720733,11890594958795.76
595284,1568721315,11890594958795.76
595285,1568721332,11890594958795.76
595286,1568722938,11890594958795.76
595287,1568722956,11890594958795.76
595288,1568723230,11890594958795.76
595289,1568723243,11890594958795.76
595290,1568723482,11890594958795.76
595291,1568723800,11890594958795.76
595292,1568723851,11890594958795.76
595293,1568726254,11890594958795.76
595294,1568726539,11890594958795.76
595295,1568727106,11890594958795.76
595296,1568727244,11890594958795.76
595297,1568728775,11890594958795.76
595298,1568729415,11890594958795.76
595299,1568729780,11890594958795.76
595300,1568729980,11890594958795.76
595301,1568730101,11890594958795.76
595302,1568730897,11890594958795.76
595303,1568732639,11890594958795.76
595304,1568733827,11890594958795.76
595305,1568734571,11890594958795.76
595306,1568735381,11890594958795.76
595307,1568735726,11890594958795.76
595308,1568735818,11890594958795.76
595309,1568736593,11890594958795.76
595310,1568737970,11890594958795.76
595311,1568738033,11890594958795.76
595312,1568738770,11890594958795.76
595313,1568739136,11890594958795.76
595314,1568739232,11890594958795.76
595315,1568739394,11890594958795.76
595316,1568739513,11890594958795.76
595317,1568739994,11890594958795.76
595318,1568740284,11890594958795.76
595319,1568740918,11890594958795.76
595320,1568741003,11890594958795.76
595321,1568742863,11890594958795.76
595322,1568743003,11890594958795.76
595323,1568743238,11890594958795.76
595324,1568744123,11890594958795.76
595325,1568745768,11890594958795.76
595326,1568746225,11890594958795.76
595327,1568747714,11890594958795.76
595328,1568748242,11890594958795.76
595329,1568748949,11890594958795.76
595330,1568749889,11890594958795.76
595331,1568750360,11890594958795.76
595332,1568751209,11890594958795.76
595333,1568751734,11890594958795.76
595334,1568751991,11890594958795.76
595335,1568752475,11890594958795.76
595336,1568753119,11890594958795.76
595337,1568753810,11890594958795.76
595338,1568755380,11890594958795.76
595339,1568755676,11890594958795.76
595340,1568756530,11890594958795.76
595341,1568756832,11890594958795.76
595342,1568757171,11890594958795.76
595343,1568757747,11890594958795.76
595344,1568757892,11890594958795.76
595345,1568757893,11890594958795.76
595346,1568758033,11890594958795.76
595347,1568759069,11890594958795.76
595348,1568759194,11890594958795.76
595349,1568759670,11890594958795.76
595350,1568760755,11890594958795.76
595351,1568760937,11890594958795.76
595352,1568761609,11890594958795.76
595353,1568762818,11890594958795.76
595354,1568763109,11890594958795.76
595355,1568763298,11890594958795.76
595356,1568763840,11890594958795.76
595357,1568764409,11890594958795.76
595358,1568766049,11890594958795.76
595359,1568766243,11890594958795.76
595360,1568767380,11890594958795.76
595361,1568767417,11890594958795.76
595362,1568767418,11890594958795.76
595363,1568768789,11890594958795.76
595364,1568769001,11890594958795.76
595365,1568769286,11890594958795.76
595366,1568769371,11890594958795.76
595367,1568769438,11890594958795.76
595368,1568769451,11890594958795.76
595369,1568770286,11890594958795.76
595370,1568770573,11890594958795.76
595371,1568770654,11890594958795.76
595372,1568771004,11890594958795.76
595373,1568771523,11890594958795.76
595374,1568772385,11890594958795.76
595375,1568772642,11890594958795.76
595376,1568773649,11890594958795.76
595377,1568773974,11890594958795.76
595378,1568774504,11890594958795.76
595379,1568774857,11890594958795.76
595380,1568775705,11890594958795.76
595381,1568775886,11890594958795.76
595382,1568775892,11890594958795.76
595383,1568777903,11890594958795.76
595384,1568778217,11890594958795.76
595385,1568778520,11890594958795.76
595386,1568781170,11890594958795.76
595387,1568781562,11890594958795.76
595388,1568782005,11890594958795.76
595389,1568782295,11890594958795.76
595390,1568782787,11890594958795.76
595391,1568783355,11890594958795.76
595392,1568784030,11890594958795.76
595393,1568784932,11890594958795.76
595394,1568785448,11890594958795.76
595395,1568785497,11890594958795.76
595396,1568785936,11890594958795.76
595397,1568785999,11890594958795.76
595398,1568786153,11890594958795.76
595399,1568786162,11890594958795.76
595400,1568786533,11890594958795.76
595401,1568787453,11890594958795.76
595402,1568787528,11890594958795.76
595403,1568787886,11890594958795.76
595404,1568787970,11890594958795.76
595405,1568789188,11890594958795.76
595406,1568789518,11890594958795.76
595407,1568790862,11890594958795.76
595408,1568791537,11890594958795.76
595409,1568792009,11890594958795.76
595410,1568792485,11890594958795.76
595411,1568792740,11890594958795.76
595412,1568793011,11890594958795.76
595413,1568793638,11890594958795.76
595414,1568794298,11890594958795.76
595415,1568794456,11890594958795.76
595416,1568794884,11890594958795.76
595417,1568795323,11890594958795.76
595418,1568795452,11890594958795.76
595419,1568795587,11890594958795.76
595420,1568796212,11890594958795.76
595421,1568796436,11890594958795.76
595422,1568797431,11890594958795.76
595423,1568797614,11890594958795.76
595424,1568797888,11890594958795.76
595425,1568798433,11890594958795.76
595426,1568798923,11890594958795.76
595427,1568799050,11890594958795.76
595428,1568799563,11890594958795.76
595429,1568800049,11890594958795.76
595430,1568800286,11890594958795.76
595431,1568800454,11890594958795.76
595432,1568801969,11890594958795.76
595433,1568802775,11890594958795.76
595434,1568804029,11890594958795.76
595435,1568804097,11890594958795.76
595436,1568804239,11890594958795.76
595437,1568804976,11890594958795.76
595438,1568805925,11890594958795.76
595439,1568806565,11890594958795.76
595440,1568808247,11890594958795.76
595441,1568809470,11890594958795.76
595442,1568809580,11890594958795.76
595443,1568810330,11890594958795.76
595444,1568811587,11890594958795.76
595445,1568812476,11890594958795.76
595446,1568813021,11890594958795.76
595447,1568813060,11890594958795.76
595448,1568813152,11890594958795.76
595449,1568813719,11890594958795.76
595450,1568813885,11890594958795.76
595451,1568814300,11890594958795.76
595452,1568815388,11890594958795.76
595453,1568815824,11890594958795.76
595454,1568816550,11890594958795.76
595455,1568816676,11890594958795.76
595456,1568817893,11890594958795.76
595457,1568818516,11890594958795.76
595458,1568818883,11890594958795.76
595459,1568818898,11890594958795.76
595460,1568819101,11890594958795.76
595461,1568819592,11890594958795.76
595462,1568820552,11890594958795.76
595463,1568820576,11890594958795.76
595464,1568820779,11890594958795.76
595465,1568821156,11890594958795.76
595466,1568821589,11890594958795.76
595467,1568821760,11890594958795.76
595468,1568822018,11890594958795.76
595469,1568822062,11890594958795.76
595470,1568822607,11890594958795.76
595471,1568824160,11890594958795.76
595472,1568824222,11890594958795.76
595473,1568824503,11890594958795.76
595474,1568825132,11890594958795.76
595475,1568825750,11890594958795.76
595476,1568825812,11890594958795.76
595477,1568825868,11890594958795.76
595478,1568826032,11890594958795.76
595479,1568826761,11890594958795.76
595480,1568827703,11890594958795.76
595481,1568827771,11890594958795.76
595482,1568828151,11890594958795.76
595483,1568828703,11890594958795.76
595484,1568828849,11890594958795.76
595485,1568829085,11890594958795.76
595486,1568829162,11890594958795.76
595487,1568829622,11890594958795.76
595488,1568830774,11890594958795.76
595489,1568830911,11890594958795.76
595490,1568831341,11890594958795.76
595491,1568831551,11890594958795.76
595492,1568831577,11890594958795.76
595493,1568831663,11890594958795.76
595494,1568832145,11890594958795.76
595495,1568832386,11890594958795.76
595496,1568833264,11890594958795.76
595497,1568833285,11890594958795.76
595498,1568833743,11890594958795.76
595499,1568834502,11890594958795.76
595500,1568835022,11890594958795.76
595501,1568835150,11890594958795.76
595502,1568835964,11890594958795.76
595503,1568836084,11890594958795.76
595504,1568836196,11890594958795.76
595505,1568836359,11890594958795.76
595506,1568837166,11890594958795.76
595507,1568838148,11890594958795.76
595508,1568839701,11890594958795.76
595509,1568840220,11890594958795.76
595510,1568840874,11890594958795.76
595511,1568841172,11890594958795.76
595512,1568841347,11890594958795.76
595513,1568841579,11890594958795.76
595514,1568841679,11890594958795.76
595515,1568842034,11890594958795.76
595516,1568842803,11890594958795.76
595517,1568843058,11890594958795.76
595518,1568843154,11890594958795.76
595519,1568843773,11890594958795.76
595520,1568844142,11890594958795.76
595521,1568844463,11890594958795.76
595522,1568844551,11890594958795.76
595523,1568844851,11890594958795.76
595524,1568845710,11890594958795.76
595525,1568846730,11890594958795.76
595526,1568847562,11890594958795.76
595527,1568848084,11890594958795.76
595528,1568848748,11890594958795.76
595529,1568848840,11890594958795.76
595530,1568849448,11890594958795.76
595531,1568849932,11890594958795.76
595532,1568851291,11890594958795.76
595533,1568851382,11890594958795.76
595534,1568851498,11890594958795.76
595535,1568852206,11890594958795.76
595536,1568852458,11890594958795.76
595537,1568853528,11890594958795.76
595538,1568853756,11890594958795.76
595539,1568854320,11890594958795.76
595540,1568855065,11890594958795.76
595541,1568855213,11890594958795.76
595542,1568855555,11890594958795.76
595543,1568856040,11890594958795.76
595544,1568856144,11890594958795.76
595545,1568857009,11890594958795.76
595546,1568858394,11890594958795.76
595547,1568858927,11890594958795.76
595548,1568859406,11890594958795.76
595549,1568860424,11890594958795.76
595550,1568862912,11890594958795.76
595551,1568862929,11890594958795.76
595552,1568863831,11890594958795.76
595553,1568863825,11890594958795.76
595554,1568864395,11890594958795.76
595555,1568865574,11890594958795.76
595556,1568866402,11890594958795.76
595557,1568866747,11890594958795.76
595558,1568866947,11890594958795.76
595559,1568867414,11890594958795.76
595560,1568867535,11890594958795.76
595561,1568868433,11890594958795.76
595562,1568869170,11890594958795.76
595563,1568869827,11890594958795.76
595564,1568870723,11890594958795.76
595565,1568871032,11890594958795.76
595566,1568873062,11890594958795.76
595567,1568873225,11890594958795.76
595568,1568874161,11890594958795.76
595569,1568874593,11890594958795.76
595570,1568875066,11890594958795.76
595571,1568875760,11890594958795.76
595572,1568876938,11890594958795.76
595573,1568877050,11890594958795.76
595574,1568878031,11890594958795.76
595575,1568878102,11890594958795.76
595576,1568880158,11890594958795.76
595577,1568880818,11890594958795.76
595578,1568881141,11890594958795.76
595579,1568881188,11890594958795.76
595580,1568881262,11890594958795.76
595581,1568881869,11890594958795.76
595582,1568881908,11890594958795.76
595583,1568881944,11890594958795.76
595584,1568882198,11890594958795.76
595585,1568883547,11890594958795.76
595586,1568884175,11890594958795.76
595587,1568884365,11890594958795.76
595588,1568884465,11890594958795.76
595589,1568884738,11890594958795.76
595590,1568885210,11890594958795.76
595591,1568885786,11890594958795.76
595592,1568886320,11890594958795.76
595593,1568886665,11890594958795.76
595594,1568886983,11890594958795.76
595595,1568887284,11890594958795.76
595596,1568887684,11890594958795.76
595597,1568888519,11890594958795.76
595598,1568890060,11890594958795.76
595599,1568890183,11890594958795.76
595600,1568891780,11890594958795.76
595601,1568892104,11890594958795.76
595602,1568892853,11890594958795.76
595603,1568893650,11890594958795.76
595604,1568894223,11890594958795.76
595605,1568894805,11890594958795.76
595606,1568895421,11890594958795.76
595607,1568896255,11890594958795.76
595608,1568897004,11890594958795.76
595609,1568897300,11890594958795.76
595610,1568898237,11890594958795.76
595611,1568898406,11890594958795.76
595612,1568900421,11890594958795.76
595613,1568900990,11890594958795.76
595614,1568901004,11890594958795.76
595615,1568901283,11890594958795.76
595616,1568902035,11890594958795.76
595617,1568902767,11890594958795.76
595618,1568902991,11890594958795.76
595619,1568903901,11890594958795.76
595620,1568904480,11890594958795.76
595621,1568906194,11890594958795.76
595622,1568906938,11890594958795.76
595623,1568907553,11890594958795.76
595624,1568907692,11890594958795.76
595625,1568907846,11890594958795.76
595626,1568908105,11890594958795.76
595627,1568909336,11890594958795.76
595628,1568909716,11890594958795.76
595629,1568909794,11890594958795.76
595630,1568909903,11890594958795.76
595631,1568911170,11890594958795.76
595632,1568911753,11890594958795.76
595633,1568912306,11890594958795.76
595634,1568912627,11890594958795.76
595635,1568913896,11890594958795.76
595636,1568914294,11890594958795.76
595637,1568914705,11890594958795.76
595638,1568915121,11890594958795.76
595639,1568915916,11890594958795.76
595640,1568916032,11890594958795.76
595641,1568916738,11890594958795.76
595642,1568916998,11890594958795.76
595643,1568917180,11890594958795.76
595644,1568917495,11890594958795.76
595645,1568918903,11890594958795.76
595646,1568919178,11890594958795.76
595647,1568919491,11890594958795.76
595648,1568919511,11890594958795.76
595649,1568919660,11890594958795.76
595650,1568920277,11890594958795.76
595651,1568922238,11890594958795.76
595652,1568922602,11890594958795.76
595653,1568924647,11890594958795.76
595654,1568925758,11890594958795.76
595655,1568925990,11890594958795.76
595656,1568926019,11890594958795.76
595657,1568926193,11890594958795.76
595658,1568926591,11890594958795.76
595659,1568926667,11890594958795.76
595660,1568927926,11890594958795.76
595661,1568927925,11890594958795.76
595662,1568928286,11890594958795.76
595663,1568928356,11890594958795.76
595664,1568929667,11890594958795.76
595665,1568929751,11890594958795.76
595666,1568930983,11890594958795.76
595667,1568931075,11890594958795.76
595668,1568931303,11890594958795.76
595669,1568931382,11890594958795.76
595670,1568931492,11890594958795.76
595671,1568932127,11890594958795.76
595672,1568934179,11890594958795.76
595673,1568935031,11890594958795.76
595674,1568935448,11890594958795.76
595675,1568935631,11890594958795.76
595676,1568935933,11890594958795.76
595677,1568936033,11890594958795.76
595678,1568936327,11890594958795.76
595679,1568937374,11890594958795.76
595680,1568937664,11890594958795.76
595681,1568937943,11890594958795.76
595682,1568937948,11890594958795.76
595683,1568939002,11890594958795.76
595684,1568939838,11890594958795.76
595685,1568940559,11890594958795.76
595686,1568940738,11890594958795.76
595687,1568940863,11890594958795.76
595688,1568940921,11890594958795.76
595689,1568941399,11890594958795.76
595690,1568941942,11890594958795.76
595691,1568944291,11890594958795.76
595692,1568946298,11890594958795.76
595693,1568946377,11890594958795.76
595694,1568947110,11890594958795.76
595695,1568947581,11890594958795.76
595696,1568948060,11890594958795.76
595697,1568948086,11890594958795.76
595698,1568948100,11890594958795.76
595699,1568948253,11890594958795.76
595700,1568949055,11890594958795.76
595701,1568949674,11890594958795.76
595702,1568950381,11890594958795.76
595703,1568950843,11890594958795.76
595704,1568951467,11890594958795.76
595705,1568952584,11890594958795.76
595706,1568952624,11890594958795.76
595707,1568952967,11890594958795.76
595708,1568953738,11890594958795.76
595709,1568953746,11890594958795.76
595710,1568954130,11890594958795.76
595711,1568954900,11890594958795.76
595712,1568955253,11890594958795.76
595713,1568955730,11890594958795.76
595714,1568955833,11890594958795.76
595715,1568955955,11890594958795.76
595716,1568956047,11890594958795.76
595717,1568956661,11890594958795.76
595718,1568957085,11890594958795.76
595719,1568957783,11890594958795.76
595720,1568958397,11890594958795.76
595721,1568960318,11890594958795.76
595722,1568961287,11890594958795.76
595723,1568963033,11890594958795.76
595724,1568963371,11890594958795.76
595725,1568963500,11890594958795.76
595726,1568963591,11890594958795.76
595727,1568963727,11890594958795.76
595728,1568964845,11890594958795.76
595729,1568965177,11890594958795.76
595730,1568965701,11890594958795.76
595731,1568966238,11890594958795.76
595732,1568966277,11890594958795.76
595733,1568966318,11890594958795.76
595734,1568966459,11890594958795.76
595735,1568967003,11890594958795.76
595736,1568967854,11890594958795.76
595737,1568968484,11890594958795.76
595738,1568968645,11890594958795.76
595739,1568968950,11890594958795.76
595740,1568969390,11890594958795.76
595741,1568969408,11890594958795.76
595742,1568969862,11890594958795.76
595743,1568969892,11890594958795.76
595744,1568970814,11890594958795.76
595745,1568970843,11890594958795.76
595746,1568970981,11890594958795.76
595747,1568971336,11890594958795.76
595748,1568971499,11890594958795.76
595749,1568972218,11890594958795.76
595750,1568972242,11890594958795.76
595751,1568972420,11890594958795.76
595752,1568972615,11890594958795.76
595753,1568973169,11890594958795.76
595754,1568973291,11890594958795.76
595755,1568975215,11890594958795.76
595756,1568975270,11890594958795.76
595757,1568976715,11890594958795.76
595758,1568977684,11890594958795.76
595759,1568978861,11890594958795.76
595760,1568980756,11890594958795.76
595761,1568981568,11890594958795.76
595762,1568981867,11890594958795.76
595763,1568982359,11890594958795.76
595764,1568983290,11890594958795.76
595765,1568983514,11890594958795.76
595766,1568983675,11890594958795.76
595767,1568984987,11890594958795.76
595768,1568985948,11890594958795.76
595769,1568986840,11890594958795.76
595770,1568987003,11890594958795.76
595771,1568988417,11890594958795.76
595772,1568988960,11890594958795.76
595773,1568989650,11890594958795.76
595774,1568990818,11890594958795.76
595775,1568990825,11890594958795.76
595776,1568990880,11890594958795.76
595777,1568991737,11890594958795.76
595778,1568991952,11890594958795.76
595779,1568992358,11890594958795.76
595780,1568992788,11890594958795.76
595781,1568995138,11890594958795.76
595782,1568995551,11890594958795.76
595783,1568996130,11890594958795.76
595784,1568996575,11890594958795.76
595785,1568997120,11890594958795.76
595786,1568997173,11890594958795.76
595787,1568997281,11890594958795.76
595788,1568997815,11890594958795.76
595789,1568999145,11890594958795.76
595790,1569000069,11890594958795.76
595791,1569000450,11890594958795.76
595792,1569000656,11890594958795.76
595793,1569000685,11890594958795.76
595794,1569000954,11890594958795.76
595795,1569002125,11890594958795.76
595796,1569003218,11890594958795.76
595797,1569004437,11890594958795.76
595798,1569004454,11890594958795.76
595799,1569004762,11890594958795.76
595800,1569005535,11890594958795.76
595801,1569006045,11890594958795.76
595802,1569006350,11890594958795.76
595803,1569006604,11890594958795.76
595804,1569007389,11890594958795.76
595805,1569007443,11890594958795.76
595806,1569009601,11890594958795.76
595807,1569010114,11890594958795.76
595808,1569010712,11890594958795.76
595809,1569011017,11890594958795.76
595810,1569011195,11890594958795.76
595811,1569011399,11890594958795.76
595812,1569011773,11890594958795.76
595813,1569011872,11890594958795.76
595814,1569012395,11890594958795.76
595815,1569012933,11890594958795.76
595816,1569013508,11890594958795.76
595817,1569014078,11890594958795.76
595818,1569014298,11890594958795.76
595819,1569015465,11890594958795.76
595820,1569016139,11890594958795.76
595821,1569016770,11890594958795.76
595822,1569017859,11890594958795.76
595823,1569017921,11890594958795.76
595824,1569018228,11890594958795.76
595825,1569018631,11890594958795.76
595826,1569019549,11890594958795.76
595827,1569020154,11890594958795.76
595828,1569021602,11890594958795.76
595829,1569023115,11890594958795.76
595830,1569023198,11890594958795.76
595831,1569024110,11890594958795.76
595832,1569025008,11890594958795.76
595833,1569027271,11890594958795.76
595834,1569027468,11890594958795.76
595835,1569027743,11890594958795.76
595836,1569029266,11890594958795.76
595837,1569029779,11890594958795.76
595838,1569030209,11890594958795.76
595839,1569030382,11890594958795.76
595840,1569030844,11890594958795.76
595841,1569030865,11890594958795.76
595842,1569030880,11890594958795.76
595843,1569031764,11890594958795.76
595844,1569033184,11890594958795.76
595845,1569034057,11890594958795.76
595846,1569034063,11890594958795.76
595847,1569034800,11890594958795.76
595848,1569034860,11890594958795.76
595849,1569035858,11890594958795.76
595850,1569036301,11890594958795.76
595851,1569036458,11890594958795.76
595852,1569036632,11890594958795.76
595853,1569036648,11890594958795.76
595854,1569036845,11890594958795.76
595855,1569036996,11890594958795.76
595856,1569037404,11890594958795.76
595857,1569038259,11890594958795.76
595858,1569038741,11890594958795.76
595859,1569039440,11890594958795.76
595860,1569039604,11890594958795.76
595861,1569039656,11890594958795.76
595862,1569040137,11890594958795.76
595863,1569040164,11890594958795.76
595864,1569040253,11890594958795.76
595865,1569041423,11890594958795.76
595866,1569041925,11890594958795.76
595867,1569042108,11890594958795.76
595868,1569042391,11890594958795.76
595869,1569043345,11890594958795.76
595870,1569043988,11890594958795.76
595871,1569044183,11890594958795.76
595872,1569044496,11890594958795.76
595873,1569044505,11890594958795.76
595874,1569045158,11890594958795.76
595875,1569045307,11890594958795.76
595876,1569045606,11890594958795.76
595877,1569045897,11890594958795.76
595878,1569045967,11890594958795.76
595879,1569047048,11890594958795.76
595880,1569047081,11890594958795.76
595881,1569047447,11890594958795.76
595882,1569047468,11890594958795.76
595883,1569047630,11890594958795.76
595884,1569047798,11890594958795.76
595885,1569047942,11890594958795.76
595886,1569047955,11890594958795.76
595887,1569050227,11890594958795.76
595888,1569050600,11890594958795.76
595889,1569051950,11890594958795.76
595890,1569052592,11890594958795.76
595891,1569052872,11890594958795.76
595892,1569052996,11890594958795.76
595893,1569053980,11890594958795.76
595894,1569054454,11890594958795.76
595895,1569055547,11890594958795.76
595896,1569056470,11890594958795.76
595897,1569056839,11890594958795.76
595898,1569057681,11890594958795.76
595899,1569058353,11890594958795.76
595900,1569058690,11890594958795.76
595901,1569058708,11890594958795.76
595902,1569058788,11890594958795.76
595903,1569059105,11890594958795.76
595904,1569059265,11890594958795.76
595905,1569059377,11890594958795.76
595906,1569059574,11890594958795.76
595907,1569060248,11890594958795.76
595908,1569061883,11890594958795.76
595909,1569062388,11890594958795.76
595910,1569062536,11890594958795.76
595911,1569063177,11890594958795.76
595912,1569063479,11890594958795.76
595913,1569065146,11890594958795.76
595914,1569065787,11890594958795.76
595915,1569067120,11890594958795.76
595916,1569068052,11890594958795.76
595917,1569068333,11890594958795.76
595918,1569069419,11890594958795.76
595919,1569070808,11890594958795.76
595920,1569070819,11890594958795.76
595921,1569070944,11890594958795.76
595922,1569071150,11890594958795.76
595923,1569071648,11890594958795.76
595924,1569072735,11890594958795.76
595925,1569073176,11890594958795.76
595926,1569073515,11890594958795.76
595927,1569074490,11890594958795.76
595928,1569076177,11890594958795.76
595929,1569076240,11890594958795.76
595930,1569076347,11890594958795.76
595931,1569076698,11890594958795.76
595932,1569077722,11890594958795.76
595933,1569077962,11890594958795.76
595934,1569078351,11890594958795.76
595935,1569078760,11890594958795.76
595936,1569079707,11890594958795.76
595937,1569080249,11890594958795.76
595938,1569080980,11890594958795.76
595939,1569083210,11890594958795.76
595940,1569083347,11890594958795.76
595941,1569083642,11890594958795.76
595942,1569083732,11890594958795.76
595943,1569084708,11890594958795.76
595944,1569086025,11890594958795.76
595945,1569086346,11890594958795.76
595946,1569086623,11890594958795.76
595947,1569087156,11890594958795.76
595948,1569087444,11890594958795.76
595949,1569087551,11890594958795.76
595950,1569087641,11890594958795.76
595951,1569087867,11890594958795.76
595952,1569088102,11890594958795.76
595953,1569088637,11890594958795.76
595954,1569088861,11890594958795.76
595955,1569090827,11890594958795.76
595956,1569091014,11890594958795.76
595957,1569091204,11890594958795.76
595958,1569091287,11890594958795.76
595959,1569091786,11890594958795.76
595960,1569093731,11890594958795.76
595961,1569094322,11890594958795.76
595962,1569094827,11890594958795.76
595963,1569095598,11890594958795.76
595964,1569096024,11890594958795.76
595965,1569096067,11890594958795.76
595966,1569096208,11890594958795.76
595967,1569096319,11890594958795.76
595968,1569096454,11890594958795.76
595969,1569096613,11890594958795.76
595970,1569096756,11890594958795.76
595971,1569096864,11890594958795.76
595972,1569096996,11890594958795.76
595973,1569097663,11890594958795.76
595974,1569097783,11890594958795.76
595975,1569098223,11890594958795.76
595976,1569099522,11890594958795.76
595977,1569099726,11890594958795.76
595978,1569100272,11890594958795.76
595979,1569100356,11890594958795.76
595980,1569100752,11890594958795.76
595981,1569101424,11890594958795.76
595982,1569102242,11890594958795.76
595983,1569104150,11890594958795.76
595984,1569104447,11890594958795.76
595985,1569104565,11890594958795.76
595986,1569105542,11890594958795.76
595987,1569105773,11890594958795.76
595988,1569105967,11890594958795.76
595989,1569106752,11890594958795.76
595990,1569107844,11890594958795.76
595991,1569108604,11890594958795.76
595992,1569109219,11890594958795.76
595993,1569109502,11890594958795.76
595994,1569109571,11890594958795.76
595995,1569110010,11890594958795.76
595996,1569110356,11890594958795.76
595997,1569111316,11890594958795.76
595998,1569111585,11890594958795.76
595999,1569112328,11890594958795.76
596000,1569112467,11890594958795.76
596001,1569112466,11890594958795.76
596002,1569113628,11890594958795.76
596003,1569113826,11890594958795.76
596004,1569114061,11890594958795.76
596005,1569114098,11890594958795.76
596006,1569114637,11890594958795.76
596007,1569114710,11890594958795.76
596008,1569116744,11890594958795.76
596009,1569117259,11890594958795.76
596010,1569117389,11890594958795.76
596011,1569117566,11890594958795.76
596012,1569117623,11890594958795.76
596013,1569120622,11890594958795.76
596014,1569120629,11890594958795.76
596015,1569122040,11890594958795.76
596016,1569123015,11890594958795.76
596017,1569123902,11890594958795.76
596018,1569124173,11890594958795.76
596019,1569124360,11890594958795.76
596020,1569124689,11890594958795.76
596021,1569124719,11890594958795.76
596022,1569125007,11890594958795.76
596023,1569126019,11890594958795.76
596024,1569126883,11890594958795.76
596025,1569128999,11890594958795.76
596026,1569130074,11890594958795.76
596027,1569130800,11890594958795.76
596028,1569131606,11890594958795.76
596029,1569132312,11890594958795.76
596030,1569133849,11890594958795.76
596031,1569133890,11890594958795.76
596032,1569133950,11890594958795.76
596033,1569134104,11890594958795.76
596034,1569134392,11890594958795.76
596035,1569135105,11890594958795.76
596036,1569135323,11890594958795.76
596037,1569135534,11890594958795.76
596038,1569136094,11890594958795.76
596039,1569136899,11890594958795.76
596040,1569137211,11890594958795.76
596041,1569138165,11890594958795.76
596042,1569138532,11890594958795.76
596043,1569138697,11890594958795.76
596044,1569138767,11890594958795.76
596045,1569139206,11890594958795.76
596046,1569140131,11890594958795.76
596047,1569140566,11890594958795.76
596048,1569141374,11890594958795.76
596049,1569142110,11890594958795.76
596050,1569142175,11890594958795.76
596051,1569142498,11890594958795.76
596052,1569142786,11890594958795.76
596053,1569142876,11890594958795.76
596054,1569143223,11890594958795.76
596055,1569143553,11890594958795.76
596056,1569143919,11890594958795.76
596057,1569144566,11890594958795.76
596058,1569145027,11890594958795.76
596059,1569145055,11890594958795.76
596060,1569148031,11890594958795.76
596061,1569148092,11890594958795.76
596062,1569148284,11890594958795.76
596063,1569148481,11890594958795.76
596064,1569148554,11890594958795.76
596065,1569148833,11890594958795.76
596066,1569149581,11890594958795.76
596067,1569149589,11890594958795.76
596068,1569150260,11890594958795.76
596069,1569150441,11890594958795.76
596070,1569151348,11890594958795.76
596071,1569151816,11890594958795.76
596072,1569151854,11890594958795.76
596073,1569152119,11890594958795.76
596074,1569153199,11890594958795.76
596075,1569153417,11890594958795.76
596076,1569153820,11890594958795.76
596077,1569154240,11890594958795.76
596078,1569154754,11890594958795.76
596079,1569155031,11890594958795.76
596080,1569155089,11890594958795.76
596081,1569156387,11890594958795.76
596082,1569157065,11890594958795.76
596083,1569158138,11890594958795.76
596084,1569158222,11890594958795.76
596085,1569159642,11890594958795.76
596086,1569159862,11890594958795.76
596087,1569160312,11890594958795.76
596088,1569160637,11890594958795.76
596089,1569160928,11890594958795.76
596090,1569161077,11890594958795.76
596091,1569161489,11890594958795.76
596092,1569162055,11890594958795.76
596093,1569162107,11890594958795.76
596094,1569162491,11890594958795.76
596095,1569162690,11890594958795.76
596096,1569163442,11890594958795.76
596097,1569165389,11890594958795.76
596098,1569165421,11890594958795.76
596099,1569165745,11890594958795.76
596100,1569167228,11890594958795.76
596101,1569167572,11890594958795.76
596102,1569169402,11890594958795.76
596103,1569171142,11890594958795.76
596104,1569172180,11890594958795.76
596105,1569172301,11890594958795.76
596106,1569172421,11890594958795.76
596107,1569172561,11890594958795.76
596108,1569172636,11890594958795.76
596109,1569172693,11890594958795.76
596110,1569173041,11890594958795.76
596111,1569173127,11890594958795.76
596112,1569173228,11890594958795.76
596113,1569173627,11890594958795.76
596114,1569174398,11890594958795.76
596115,1569174527,11890594958795.76
596116,1569174961,11890594958795.76
596117,1569176617,11890594958795.76
596118,1569177912,11890594958795.76
596119,1569178346,11890594958795.76
596120,1569178432,11890594958795.76
596121,1569178621,11890594958795.76
596122,1569179283,11890594958795.76
596123,1569179714,11890594958795.76
596124,1569179797,11890594958795.76
596125,1569181058,11890594958795.76
596126,1569182341,11890594958795.76
596127,1569182389,11890594958795.76
596128,1569182596,11890594958795.76
596129,1569182843,11890594958795.76
596130,1569182910,11890594958795.76
596131,1569183076,11890594958795.76
596132,1569183569,11890594958795.76
596133,1569183701,11890594958795.76
596134,1569183992,11890594958795.76
596135,1569184191,11890594958795.76
596136,1569184391,11890594958795.76
596137,1569184879,11890594958795.76
596138,1569184930,11890594958795.76
596139,1569185010,11890594958795.76
596140,1569185126,11890594958795.76
596141,1569185341,11890594958795.76
596142,1569185400,11890594958795.76
596143,1569186046,11890594958795.76
596144,1569187256,11890594958795.76
596145,1569187337,11890594958795.76
596146,1569188363,11890594958795.76
596147,1569188552,11890594958795.76
596148,1569189222,11890594958795.76
596149,1569190643,11890594958795.76
596150,1569190782,11890594958795.76
596151,1569190851,11890594958795.76
596152,1569191185,11890594958795.76
596153,1569191579,11890594958795.76
596154,1569192949,11890594958795.76
596155,1569193791,11890594958795.76
596156,1569193803,11890594958795.76
596157,1569194048,11890594958795.76
596158,1569194707,11890594958795.76
596159,1569195147,11890594958795.76
596160,1569195647,11890594958795.76
596161,1569195877,11890594958795.76
596162,1569195880,11890594958795.76
596163,1569197066,11890594958795.76
596164,1569197347,11890594958795.76
596165,1569197509,11890594958795.76
596166,1569197607,11890594958795.76
596167,1569202187,11890594958795.76
596168,1569203845,11890594958795.76
596169,1569205345,11890594958795.76
596170,1569205428,11890594958795.76
596171,1569207356,11890594958795.76
596172,1569209274,11890594958795.76
596173,1569209539,11890594958795.76
596174,1569209974,11890594958795.76
596175,1569210604,11890594958795.76
596176,1569210797,11890594958795.76
596177,1569211102,11890594958795.76
596178,1569211728,11890594958795.76
596179,1569211772,11890594958795.76
596180,1569212671,11890594958795.76
596181,1569213007,11890594958795.76
596182,1569214720,11890594958795.76
596183,1569215579,11890594958795.76
596184,1569216034,11890594958795.76
596185,1569216981,11890594958795.76
596186,1569217412,11890594958795.76
596187,1569217944,11890594958795.76
596188,1569219224,11890594958795.76
596189,1569219335,11890594958795.76
596190,1569221674,11890594958795.76
596191,1569221913,11890594958795.76
596192,1569222579,11890594958795.76
596193,1569222975,11890594958795.76
596194,1569223331,11890594958795.76
596195,1569224884,11890594958795.76
596196,1569225293,11890594958795.76
596197,1569225797,11890594958795.76
596198,1569227438,11890594958795.76
596199,1569228211,11890594958795.76
596200,1569229774,11890594958795.76
596201,1569230565,11890594958795.76
596202,1569230848,11890594958795.76
596203,1569231387,11890594958795.76
596204,1569232414,11890594958795.76
596205,1569232588,11890594958795.76
596206,1569234288,11890594958795.76
596207,1569235010,11890594958795.76
596208,1569235104,11890594958795.76
596209,1569235472,11890594958795.76
596210,1569236015,11890594958795.76
596211,1569237808,11890594958795.76
596212,1569238230,11890594958795.76
596213,1569240774,11890594958795.76
596214,1569241143,11890594958795.76
596215,1569241185,11890594958795.76
596216,1569241298,11890594958795.76
596217,1569242059,11890594958795.76
596218,1569243348,11890594958795.76
596219,1569243871,11890594958795.76
596220,1569244136,11890594958795.76
596221,1569244435,11890594958795.76
596222,1569245866,11890594958795.76
596223,1569246381,11890594958795.76
596224,1569247128,11890594958795.76
596225,1569247617,11890594958795.76
596226,1569247679,11890594958795.76
596227,1569247767,11890594958795.76
596228,1569249360,11890594958795.76
596229,1569250691,11890594958795.76
596230,1569250993,11890594958795.76
596231,1569253375,11890594958795.76
596232,1569253837,11890594958795.76
596233,1569253971,11890594958795.76
596234,1569255436,11890594958795.76
596235,1569255484,11890594958795.76
596236,1569256052,11890594958795.76
596237,1569257324,11890594958795.76
596238,1569257749,11890594958795.76
596239,1569257766,11890594958795.76
596240,1569258265,11890594958795.76
596241,1569259414,11890594958795.76
596242,1569260169,11890594958795.76
596243,1569261435,11890594958795.76
596244,1569261453,11890594958795.76
596245,1569261495,11890594958795.76
596246,1569261586,11890594958795.76
596247,1569261665,11890594958795.76
596248,1569261687,11890594958795.76
596249,1569261812,11890594958795.76
596250,1569264906,11890594958795.76
596251,1569265329,11890594958795.76
596252,1569265439,11890594958795.76
596253,1569266315,11890594958795.76
596254,1569266336,11890594958795.76
596255,1569266880,11890594958795.76
596256,1569267201,11890594958795.76
596257,1569267719,11890594958795.76
596258,1569268075,11890594958795.76
596259,1569268460,11890594958795.76
596260,1569269820,11890594958795.76
596261,1569271200,11890594958795.76
596262,1569271638,11890594958795.76
596263,1569272349,11890594958795.76
596264,1569273675,11890594958795.76
596265,1569274158,11890594958795.76
596266,1569274366,11890594958795.76
596267,1569278148,11890594958795.76
596268,1569280212,11890594958795.76
596269,1569280924,11890594958795.76
596270,1569280909,11890594958795.76
596271,1569281155,11890594958795.76
596272,1569281306,11890594958795.76
596273,1569282640,11890594958795.76
596274,1569282802,11890594958795.76
596275,1569282869,11890594958795.76
596276,1569283158,11890594958795.76
596277,1569283871,11890594958795.76
596278,1569284178,11890594958795.76
596279,1569284577,11890594958795.76
596280,1569284654,11890594958795.76
596281,1569285598,11890594958795.76
596282,1569286530,11890594958795.76
596283,1569287491,11890594958795.76
596284,1569288381,11890594958795.76
596285,1569288837,11890594958795.76
596286,1569290295,11890594958795.76
596287,1569291319,11890594958795.76
596288,1569292067,11890594958795.76
596289,1569292424,11890594958795.76
596290,1569292395,11890594958795.76
596291,1569292942,11890594958795.76
596292,1569293777,11890594958795.76
596293,1569294525,11890594958795.76
596294,1569294700,11890594958795.76
596295,1569295209,11890594958795.76
596296,1569296010,11890594958795.76
596297,1569296089,11890594958795.76
596298,1569297443,11890594958795.76
596299,1569297779,11890594958795.76
596300,1569298013,11890594958795.76
596301,1569298999,11890594958795.76
596302,1569299379,11890594958795.76
596303,1569300406,11890594958795.76
596304,1569300548,11890594958795.76
596305,1569300598,11890594958795.76
596306,1569300889,11890594958795.76
596307,1569301550,11890594958795.76
596308,1569303156,11890594958795.76
596309,1569303215,11890594958795.76
596310,1569304202,11890594958795.76
596311,1569305474,11890594958795.76
596312,1569305941,11890594958795.76
596313,1569306562,11890594958795.76
596314,1569306581,11890594958795.76
596315,1569306970,11890594958795.76
596316,1569307651,11890594958795.76
596317,1569308168,11890594958795.76
596318,1569309046,11890594958795.76
596319,1569309251,11890594958795.76
596320,1569309977,11890594958795.76
596321,1569310782,11890594958795.76
596322,1569310862,11890594958795.76
596323,1569311637,11890594958795.76
596324,1569312327,11890594958795.76
596325,1569313982,11890594958795.76
596326,1569315259,11890594958795.76
596327,1569316431,11890594958795.76
596328,1569316788,11890594958795.76
596329,1569317986,11890594958795.76
596330,1569318033,11890594958795.76
596331,1569318057,11890594958795.76
596332,1569319880,11890594958795.76
596333,1569321013,11890594958795.76
596334,1569321305,11890594958795.76
596335,1569321748,11890594958795.76
596336,1569323071,11890594958795.76
596337,1569323115,11890594958795.76
596338,1569323407,11890594958795.76
596339,1569325431,11890594958795.76
596340,1569325798,11890594958795.76
596341,1569326001,11890594958795.76
596342,1569326109,11890594958795.76
596343,1569326857,11890594958795.76
596344,1569326845,11890594958795.76
596345,1569327662,11890594958795.76
596346,1569327682,11890594958795.76
596347,1569327932,11890594958795.76
596348,1569328187,11890594958795.76
596349,1569328705,11890594958795.76
596350,1569329483,11890594958795.76
596351,1569329738,11890594958795.76
596352,1569330177,11890594958795.76
596353,1569330381,11890594958795.76
596354,1569331109,11890594958795.76
596355,1569332937,11890594958795.76
596356,1569333043,11890594958795.76
596357,1569334352,11890594958795.76
596358,1569334944,11890594958795.76
596359,1569335113,11890594958795.76
596360,1569335211,11890594958795.76
596361,1569335794,11890594958795.76
596362,1569335989,11890594958795.76
596363,1569336531,11890594958795.76
596364,1569336648,11890594958795.76
596365,1569336846,11890594958795.76
596366,1569337319,11890594958795.76
596367,1569337605,11890594958795.76
596368,1569337648,11890594958795.76
596369,1569337971,11890594958795.76
596370,1569338117,11890594958795.76
596371,1569338726,11890594958795.76
596372,1569339744,11890594958795.76
596373,1569340101,11890594958795.76
596374,1569340996,11890594958795.76
596375,1569342419,11890594958795.76
596376,1569342848,11890594958795.76
596377,1569343284,11890594958795.76
596378,1569343977,11890594958795.76
596379,1569344532,11890594958795.76
596380,1569344823,11890594958795.76
596381,1569346395,11890594958795.76
596382,1569346516,11890594958795.76
596383,1569346928,11890594958795.76
596384,1569347394,11890594958795.76
596385,1569347630,11890594958795.76
596386,1569348158,11890594958795.76
596387,1569348304,11890594958795.76
596388,1569348396,11890594958795.76
596389,1569349800,11890594958795.76
596390,1569350104,11890594958795.76
596391,1569351832,11890594958795.76
596392,1569352132,11890594958795.76
596393,1569352308,11890594958795.76
596394,1569353046,11890594958795.76
596395,1569353212,11890594958795.76
596396,1569353370,11890594958795.76
596397,1569353423,11890594958795.76
596398,1569353465,11890594958795.76
596399,1569353661,11890594958795.76
596400,1569353774,11890594958795.76
596401,1569353983,11890594958795.76
596402,1569354043,11890594958795.76
596403,1569355457,11890594958795.76
596404,1569356235,11890594958795.76
596405,1569356333,11890594958795.76
596406,1569356749,11890594958795.76
596407,1569356951,11890594958795.76
596408,1569356979,11890594958795.76
596409,1569358217,11890594958795.76
596410,1569358616,11890594958795.76
596411,1569359171,11890594958795.76
596412,1569360114,11890594958795.76
596413,1569361157,11890594958795.76
596414,1569361226,11890594958795.76
596415,1569361566,11890594958795.76
596416,1569361667,11890594958795.76
596417,1569361903,11890594958795.76
596418,1569361964,11890594958795.76
596419,1569362353,11890594958795.76
596420,1569362808,11890594958795.76
596421,1569363406,11890594958795.76
596422,1569363466,11890594958795.76
596423,1569363567,11890594958795.76
596424,1569363807,11890594958795.76
596425,1569363889,11890594958795.76
596426,1569364000,11890594958795.76
596427,1569364519,11890594958795.76
596428,1569365067,11890594958795.76
596429,1569365133,11890594958795.76
596430,1569365482,11890594958795.76
596431,1569366978,11890594958795.76
596432,1569367589,11890594958795.76
596433,1569369353,11890594958795.76
596434,1569370865,11890594958795.76
596435,1569371215,11890594958795.76
596436,1569373466,11890594958795.76
